{
  "tumor": {
    "dice": 0.32043808208333124,
    "std": 0.21653697678351555,
    "count": 45
  },
  "stroma": {
    "dice": 0.39369845787490515,
    "std": 0.2292888364557245,
    "count": 45
  },
  "lymphocyte": {
    "dice": 0.2651349894538315,
    "std": 0.22947884082725217,
    "count": 37
  },
  "necrosis": {
    "dice": 0.49804042425097633,
    "std": 0.310579894339702,
    "count": 23
  },
  "blood_vessel": {
    "dice": 0.35043765172525165,
    "std": 0.23286617071765012,
    "count": 30
  },
  "overall": 0.35507887898579116
}