{
  "tumor": {
    "dice": 0.3856702874140721,
    "std": 0.23671775885099505,
    "count": 45
  },
  "stroma": {
    "dice": 0.38638412126024596,
    "std": 0.23109215220553306,
    "count": 45
  },
  "lymphocyte": {
    "dice": 0.3007316743572622,
    "std": 0.25116924857386624,
    "count": 37
  },
  "necrosis": {
    "dice": 0.47840468894962757,
    "std": 0.2978948821784949,
    "count": 23
  },
  "blood_vessel": {
    "dice": 0.33451192145791464,
    "std": 0.24008045515160648,
    "count": 30
  },
  "overall": 0.3717121435063439
}