{"Trainer/where": 0.031746031746031744, "Trainer/epoch": 0, "Trainer/steps_train": 21}
{"Trainer/where": 0.06507936507936508, "Trainer/epoch": 1, "Trainer/steps_train": 42}
{"Trainer/where": 0.09841269841269842, "Trainer/epoch": 2, "Trainer/steps_train": 63}
{"Trainer/where": 0.13174603174603175, "Trainer/epoch": 3, "Trainer/steps_train": 84}
{"Trainer/where": 0.16507936507936508, "Trainer/epoch": 4, "Trainer/steps_train": 105}
{"Trainer/where": 0.19841269841269843, "Trainer/epoch": 5, "Trainer/steps_train": 126}
{"Trainer/where": 0.23174603174603176, "Trainer/epoch": 6, "Trainer/steps_train": 147}
{"Trainer/where": 0.2650793650793651, "Trainer/epoch": 7, "Trainer/steps_train": 168}
{"Trainer/where": 0.2984126984126984, "Trainer/epoch": 8, "Trainer/steps_train": 189}
{"Trainer/where": 0.33174603174603173, "Trainer/epoch": 9, "Trainer/steps_train": 210}
{"Trainer/where": 0.36507936507936506, "Trainer/epoch": 10, "Trainer/steps_train": 231}
{"Trainer/where": 0.39841269841269844, "Trainer/epoch": 11, "Trainer/steps_train": 252}
{"Trainer/where": 0.43174603174603177, "Trainer/epoch": 12, "Trainer/steps_train": 273}
{"Trainer/where": 0.4650793650793651, "Trainer/epoch": 13, "Trainer/steps_train": 294}
{"Trainer/where": 0.4984126984126984, "Trainer/epoch": 14, "Trainer/steps_train": 315}
{"Trainer/where": 0.5317460317460317, "Trainer/epoch": 15, "Trainer/steps_train": 336}
{"Trainer/where": 0.5650793650793651, "Trainer/epoch": 16, "Trainer/steps_train": 357}
{"Trainer/where": 0.5984126984126984, "Trainer/epoch": 17, "Trainer/steps_train": 378}
{"Trainer/where": 0.6317460317460317, "Trainer/epoch": 18, "Trainer/steps_train": 399}
{"Trainer/where": 0.665079365079365, "Trainer/epoch": 19, "Trainer/steps_train": 420}
{"Trainer/where": 0.6984126984126984, "Trainer/epoch": 20, "Trainer/steps_train": 441}
{"Trainer/where": 0.7317460317460317, "Trainer/epoch": 21, "Trainer/steps_train": 462}
{"Trainer/where": 0.7650793650793651, "Trainer/epoch": 22, "Trainer/steps_train": 483}
{"Trainer/where": 0.7984126984126985, "Trainer/epoch": 23, "Trainer/steps_train": 504}
{"Trainer/where": 0.8317460317460318, "Trainer/epoch": 24, "Trainer/steps_train": 525}
{"Trainer/where": 0.8650793650793651, "Trainer/epoch": 25, "Trainer/steps_train": 546}
{"Trainer/where": 0.8984126984126984, "Trainer/epoch": 26, "Trainer/steps_train": 567}
{"Trainer/where": 0.9317460317460318, "Trainer/epoch": 27, "Trainer/steps_train": 588}
{"Trainer/where": 0.9650793650793651, "Trainer/epoch": 28, "Trainer/steps_train": 609}
{"Trainer/where": 0.9984126984126984, "Trainer/epoch": 29, "Trainer/steps_train": 630}
