{"Losses/train_all_loss": 36.64660494668143, "Losses/train_all_loss_mask": 14.286793579657873, "Losses/train_all_loss_dice": 0.9609700725192115, "Losses/train_all_loss_iou": 0.2303865204254786, "Losses/train_all_loss_class": 2.8073944460816813, "Losses/train_all_core_loss": 36.64660494668143, "Trainer/where": 0.031746031746031744, "Trainer/epoch": 0, "Trainer/steps_train": 21}
{"Losses/train_all_loss": 30.199861526489258, "Losses/train_all_loss_mask": 11.383847841194697, "Losses/train_all_loss_dice": 0.9671666366713387, "Losses/train_all_loss_iou": 0.19891344294661567, "Losses/train_all_loss_class": 2.198505901687202, "Losses/train_all_core_loss": 30.199861526489258, "Trainer/where": 0.06507936507936508, "Trainer/epoch": 1, "Trainer/steps_train": 42}
{"Losses/train_all_loss": 19.96065652938116, "Losses/train_all_loss_mask": 6.733133167028427, "Losses/train_all_loss_dice": 0.9414549697013128, "Losses/train_all_loss_iou": 0.20027633330651692, "Losses/train_all_loss_class": 1.3865627618724397, "Losses/train_all_core_loss": 19.96065652938116, "Trainer/where": 0.09841269841269842, "Trainer/epoch": 2, "Trainer/steps_train": 63}
{"Losses/train_all_loss": 24.07649158296131, "Losses/train_all_loss_mask": 8.831309669074558, "Losses/train_all_loss_dice": 0.9258991394724164, "Losses/train_all_loss_iou": 0.1495368093961761, "Losses/train_all_loss_class": 1.4853029958481958, "Losses/train_all_core_loss": 24.07649158296131, "Trainer/where": 0.13174603174603175, "Trainer/epoch": 3, "Trainer/steps_train": 84}
{"Losses/train_all_loss": 17.230019909994944, "Losses/train_all_loss_mask": 5.885502390918278, "Losses/train_all_loss_dice": 0.917202231429872, "Losses/train_all_loss_iou": 0.11669081555945533, "Losses/train_all_loss_class": 0.6396221729232983, "Losses/train_all_core_loss": 17.230019909994944, "Trainer/where": 0.16507936507936508, "Trainer/epoch": 4, "Trainer/steps_train": 105}
{"Losses/train_all_loss": 11.333679971240816, "Losses/train_all_loss_mask": 3.184815505430812, "Losses/train_all_loss_dice": 0.8661992152531942, "Losses/train_all_loss_iou": 0.10887566865200088, "Losses/train_all_loss_class": 0.4153017353841795, "Losses/train_all_core_loss": 11.333679971240816, "Trainer/where": 0.19841269841269843, "Trainer/epoch": 5, "Trainer/steps_train": 126}
{"Losses/train_all_loss": 12.96263415472848, "Losses/train_all_loss_mask": 4.130038691063722, "Losses/train_all_loss_dice": 0.8322826425234476, "Losses/train_all_loss_iou": 0.09798702535529931, "Losses/train_all_loss_class": 0.34516969788543994, "Losses/train_all_core_loss": 12.96263415472848, "Trainer/where": 0.23174603174603176, "Trainer/epoch": 6, "Trainer/steps_train": 147}
{"Losses/train_all_loss": 6.109209083375477, "Losses/train_all_loss_mask": 0.9450353607535362, "Losses/train_all_loss_dice": 0.7643555204073588, "Losses/train_all_loss_iou": 0.11902134457514399, "Losses/train_all_loss_class": 0.1593180376445893, "Losses/train_all_core_loss": 6.109209083375477, "Trainer/where": 0.2650793650793651, "Trainer/epoch": 7, "Trainer/steps_train": 168}
{"Losses/train_all_loss": 4.92417878196353, "Losses/train_all_loss_mask": 0.4464466720819473, "Losses/train_all_loss_dice": 0.7402767822855995, "Losses/train_all_loss_iou": 0.13967730282318025, "Losses/train_all_loss_class": 0.05054695542257548, "Losses/train_all_core_loss": 4.92417878196353, "Trainer/where": 0.2984126984126984, "Trainer/epoch": 8, "Trainer/steps_train": 189}
{"Losses/train_all_loss": 6.155738944099063, "Losses/train_all_loss_mask": 1.0613669540200914, "Losses/train_all_loss_dice": 0.7450812941505796, "Losses/train_all_loss_iou": 0.1323165155592419, "Losses/train_all_loss_class": 0.04296565822158162, "Losses/train_all_core_loss": 6.155738944099063, "Trainer/where": 0.33174603174603173, "Trainer/epoch": 9, "Trainer/steps_train": 210}
{"Losses/train_all_loss": 4.265803132738386, "Losses/train_all_loss_mask": 0.1319416772042002, "Losses/train_all_loss_dice": 0.7374580871491205, "Losses/train_all_loss_iou": 0.14035579349313462, "Losses/train_all_loss_class": 0.03391775242729622, "Losses/train_all_core_loss": 4.265803132738386, "Trainer/where": 0.36507936507936506, "Trainer/epoch": 10, "Trainer/steps_train": 231}
{"Losses/train_all_loss": 4.180055164155506, "Losses/train_all_loss_mask": 0.10582866839000157, "Losses/train_all_loss_dice": 0.7422284739358085, "Losses/train_all_loss_iou": 0.11997273245028087, "Losses/train_all_loss_class": 0.01731007801516435, "Losses/train_all_core_loss": 4.180055164155506, "Trainer/where": 0.39841269841269844, "Trainer/epoch": 11, "Trainer/steps_train": 252}
{"Losses/train_all_loss": 4.135291156314668, "Losses/train_all_loss_mask": 0.10375394352844783, "Losses/train_all_loss_dice": 0.7267206595057533, "Losses/train_all_loss_iou": 0.1410442835518292, "Losses/train_all_loss_class": 0.012091391164530799, "Losses/train_all_core_loss": 4.135291156314668, "Trainer/where": 0.43174603174603177, "Trainer/epoch": 12, "Trainer/steps_train": 273}
{"Losses/train_all_loss": 4.108380056562877, "Losses/train_all_loss_mask": 0.10561935302047502, "Losses/train_all_loss_dice": 0.729677024341765, "Losses/train_all_loss_iou": 0.12236509507610685, "Losses/train_all_loss_class": 0.004026099149185603, "Losses/train_all_core_loss": 4.108380056562877, "Trainer/where": 0.4650793650793651, "Trainer/epoch": 13, "Trainer/steps_train": 294}
{"Losses/train_all_loss": 4.165536744253976, "Losses/train_all_loss_mask": 0.11167814405191512, "Losses/train_all_loss_dice": 0.7318786496207828, "Losses/train_all_loss_iou": 0.13896568687189192, "Losses/train_all_loss_class": 0.004855842005729109, "Losses/train_all_core_loss": 4.165536744253976, "Trainer/where": 0.4984126984126984, "Trainer/epoch": 14, "Trainer/steps_train": 315}
{"Losses/train_all_loss": 4.106623150053478, "Losses/train_all_loss_mask": 0.10017403818312146, "Losses/train_all_loss_dice": 0.7296534691538129, "Losses/train_all_loss_iou": 0.1288610455535707, "Losses/train_all_loss_class": 0.0002856977453077495, "Losses/train_all_core_loss": 4.106623150053478, "Trainer/where": 0.5317460317460317, "Trainer/epoch": 15, "Trainer/steps_train": 336}
{"Losses/train_all_loss": 4.133863119851975, "Losses/train_all_loss_mask": 0.09516052901744843, "Losses/train_all_loss_dice": 0.7412319126583281, "Losses/train_all_loss_iou": 0.11825773190884363, "Losses/train_all_loss_class": 0.000867097983437759, "Losses/train_all_core_loss": 4.133863119851975, "Trainer/where": 0.5650793650793651, "Trainer/epoch": 16, "Trainer/steps_train": 357}
{"Losses/train_all_loss": 4.094873371578398, "Losses/train_all_loss_mask": 0.09905272935117994, "Losses/train_all_loss_dice": 0.7293521478062585, "Losses/train_all_loss_iou": 0.1249608186384042, "Losses/train_all_loss_class": 8.54872123713961e-05, "Losses/train_all_core_loss": 4.094873371578398, "Trainer/where": 0.5984126984126984, "Trainer/epoch": 17, "Trainer/steps_train": 378}
{"Losses/train_all_loss": 4.11818722316197, "Losses/train_all_loss_mask": 0.09980588051534835, "Losses/train_all_loss_dice": 0.7311848174958002, "Losses/train_all_loss_iou": 0.13114424298206964, "Losses/train_all_loss_class": 0.0003628578587347098, "Losses/train_all_core_loss": 4.11818722316197, "Trainer/where": 0.6317460317460317, "Trainer/epoch": 18, "Trainer/steps_train": 399}
{"Losses/train_all_loss": 4.165599482400077, "Losses/train_all_loss_mask": 0.10055258089587801, "Losses/train_all_loss_dice": 0.7429427930286953, "Losses/train_all_loss_iou": 0.12352592781895683, "Losses/train_all_loss_class": 0.0027285002907688864, "Losses/train_all_core_loss": 4.165599482400077, "Trainer/where": 0.665079365079365, "Trainer/epoch": 19, "Trainer/steps_train": 420}
{"Losses/train_all_loss": 4.1632584276653475, "Losses/train_all_loss_mask": 0.15417904938970292, "Losses/train_all_loss_dice": 0.7255774935086569, "Losses/train_all_loss_iou": 0.1118537714438779, "Losses/train_all_loss_class": 0.003305288962054229, "Losses/train_all_core_loss": 4.1632584276653475, "Trainer/where": 0.6984126984126984, "Trainer/epoch": 20,