{
  "tumor": {
    "dice": 0.3446805128583927,
    "std": 0.21471998506734905,
    "count": 45
  },
  "stroma": {
    "dice": 0.38822445366366404,
    "std": 0.2460650701835123,
    "count": 45
  },
  "lymphocyte": {
    "dice": 0.3302826315680176,
    "std": 0.261971325211318,
    "count": 37
  },
  "necrosis": {
    "dice": 0.5300180496307283,
    "std": 0.30903747445554547,
    "count": 23
  },
  "blood_vessel": {
    "dice": 0.28267042031296125,
    "std": 0.24072720739608744,
    "count": 30
  },
  "overall": 0.3659539367355821
}