{"Trainer/where": 0.023214285714285715, "Trainer/epoch": 0, "Trainer/steps_train": 14}
{"Trainer/where": 0.048214285714285716, "Trainer/epoch": 1, "Trainer/steps_train": 28}
{"Trainer/where": 0.07321428571428572, "Trainer/epoch": 2, "Trainer/steps_train": 42}
{"Trainer/where": 0.09821428571428573, "Trainer/epoch": 3, "Trainer/steps_train": 56}
{"Trainer/where": 0.12321428571428572, "Trainer/epoch": 4, "Trainer/steps_train": 70}
{"Trainer/where": 0.14821428571428572, "Trainer/epoch": 5, "Trainer/steps_train": 84}
{"Trainer/where": 0.1732142857142857, "Trainer/epoch": 6, "Trainer/steps_train": 98}
{"Trainer/where": 0.19821428571428573, "Trainer/epoch": 7, "Trainer/steps_train": 112}
{"Trainer/where": 0.22321428571428573, "Trainer/epoch": 8, "Trainer/steps_train": 126}
{"Trainer/where": 0.24821428571428572, "Trainer/epoch": 9, "Trainer/steps_train": 140}
{"Trainer/where": 0.27321428571428574, "Trainer/epoch": 10, "Trainer/steps_train": 154}
{"Trainer/where": 0.2982142857142857, "Trainer/epoch": 11, "Trainer/steps_train": 168}
{"Trainer/where": 0.32321428571428573, "Trainer/epoch": 12, "Trainer/steps_train": 182}
{"Trainer/where": 0.3482142857142857, "Trainer/epoch": 13, "Trainer/steps_train": 196}
{"Trainer/where": 0.3732142857142857, "Trainer/epoch": 14, "Trainer/steps_train": 210}
{"Trainer/where": 0.39821428571428574, "Trainer/epoch": 15, "Trainer/steps_train": 224}
{"Trainer/where": 0.42321428571428565, "Trainer/epoch": 16, "Trainer/steps_train": 238}
{"Trainer/where": 0.4482142857142857, "Trainer/epoch": 17, "Trainer/steps_train": 252}
{"Trainer/where": 0.4732142857142857, "Trainer/epoch": 18, "Trainer/steps_train": 266}
{"Trainer/where": 0.49821428571428567, "Trainer/epoch": 19, "Trainer/steps_train": 280}
{"Trainer/where": 0.5232142857142856, "Trainer/epoch": 20, "Trainer/steps_train": 294}
{"Trainer/where": 0.5482142857142857, "Trainer/epoch": 21, "Trainer/steps_train": 308}
{"Trainer/where": 0.5732142857142857, "Trainer/epoch": 22, "Trainer/steps_train": 322}
{"Trainer/where": 0.5982142857142857, "Trainer/epoch": 23, "Trainer/steps_train": 336}
{"Trainer/where": 0.6232142857142857, "Trainer/epoch": 24, "Trainer/steps_train": 350}
{"Trainer/where": 0.6482142857142856, "Trainer/epoch": 25, "Trainer/steps_train": 364}
{"Trainer/where": 0.6732142857142857, "Trainer/epoch": 26, "Trainer/steps_train": 378}
{"Trainer/where": 0.6982142857142857, "Trainer/epoch": 27, "Trainer/steps_train": 392}
{"Trainer/where": 0.7232142857142857, "Trainer/epoch": 28, "Trainer/steps_train": 406}
{"Trainer/where": 0.7482142857142857, "Trainer/epoch": 29, "Trainer/steps_train": 420}
{"Trainer/where": 0.7732142857142856, "Trainer/epoch": 30, "Trainer/steps_train": 434}
{"Trainer/where": 0.7982142857142857, "Trainer/epoch": 31, "Trainer/steps_train": 448}
{"Trainer/where": 0.8232142857142858, "Trainer/epoch": 32, "Trainer/steps_train": 462}
{"Trainer/where": 0.8482142857142858, "Trainer/epoch": 33, "Trainer/steps_train": 476}
{"Trainer/where": 0.8732142857142857, "Trainer/epoch": 34, "Trainer/steps_train": 490}
{"Trainer/where": 0.8982142857142857, "Trainer/epoch": 35, "Trainer/steps_train": 504}
{"Trainer/where": 0.9232142857142858, "Trainer/epoch": 36, "Trainer/steps_train": 518}
{"Trainer/where": 0.9482142857142858, "Trainer/epoch": 37, "Trainer/steps_train": 532}
{"Trainer/where": 0.9732142857142858, "Trainer/epoch": 38, "Trainer/steps_train": 546}
{"Trainer/where": 0.9982142857142857, "Trainer/epoch": 39, "Trainer/steps_train": 560}
