{"Losses/train_all_loss": 78.18484265463692, "Losses/train_all_loss_mask": 14.284297364098686, "Losses/train_all_loss_dice": 0.9711985034602029, "Losses/train_all_loss_iou": 0.11088481731712818, "Losses/train_all_loss_class": 3.7388735711574554, "Losses/train_all_core_loss": 78.18484265463692, "Trainer/where": 0.023214285714285715, "Trainer/epoch": 0, "Trainer/steps_train": 14}
{"Losses/train_all_loss": 44.3528607913426, "Losses/train_all_loss_mask": 7.873644903302193, "Losses/train_all_loss_dice": 0.9420514745371682, "Losses/train_all_loss_iou": 0.09427802956530026, "Losses/train_all_loss_class": 2.0642028663839613, "Losses/train_all_core_loss": 44.3528607913426, "Trainer/where": 0.048214285714285716, "Trainer/epoch": 1, "Trainer/steps_train": 28}
{"Losses/train_all_loss": 25.777077198028564, "Losses/train_all_loss_mask": 4.53778887540102, "Losses/train_all_loss_dice": 0.8717614540031978, "Losses/train_all_loss_iou": 0.09328546774174486, "Losses/train_all_loss_class": 0.37956306363813447, "Losses/train_all_core_loss": 25.777077198028564, "Trainer/where": 0.07321428571428572, "Trainer/epoch": 2, "Trainer/steps_train": 42}
{"Losses/train_all_loss": 4.501598511423383, "Losses/train_all_loss_mask": 0.3993910865059921, "Losses/train_all_loss_dice": 0.7905609054224831, "Losses/train_all_loss_iou": 0.10124128232044834, "Losses/train_all_loss_class": 0.031719038155552326, "Losses/train_all_core_loss": 4.501598511423383, "Trainer/where": 0.09821428571428573, "Trainer/epoch": 3, "Trainer/steps_train": 56}
{"Losses/train_all_loss": 2.6381448677607944, "Losses/train_all_loss_mask": 0.046868655032345226, "Losses/train_all_loss_dice": 0.7927774318626949, "Losses/train_all_loss_iou": 0.02455549713756357, "Losses/train_all_loss_class": 0.00091386079144673, "Losses/train_all_core_loss": 2.6381448677607944, "Trainer/where": 0.12321428571428572, "Trainer/epoch": 4, "Trainer/steps_train": 70}
{"Losses/train_all_loss": 2.5949569599969045, "Losses/train_all_loss_mask": 0.0468292310833931, "Losses/train_all_loss_dice": 0.7699159639222282, "Losses/train_all_loss_iou": 0.04936417950583356, "Losses/train_all_loss_class": 0.0016987790856795978, "Losses/train_all_core_loss": 2.5949569599969045, "Trainer/where": 0.14821428571428572, "Trainer/epoch": 5, "Trainer/steps_train": 84}
{"Losses/train_all_loss": 2.581723162106105, "Losses/train_all_loss_mask": 0.046700822455542426, "Losses/train_all_loss_dice": 0.7644347165312085, "Losses/train_all_loss_iou": 0.05451035273394415, "Losses/train_all_loss_class": 0.0004045587467833567, "Losses/train_all_core_loss": 2.581723162106105, "Trainer/where": 0.1732142857142857, "Trainer/epoch": 6, "Trainer/steps_train": 98}
{"Losses/train_all_loss": 2.545143025262015, "Losses/train_all_loss_mask": 0.04611339366861752, "Losses/train_all_loss_dice": 0.7543767988681793, "Losses/train_all_loss_iou": 0.05144463439605066, "Losses/train_all_loss_class": 1.1090454140922596e-06, "Losses/train_all_core_loss": 2.545143025262015, "Trainer/where": 0.19821428571428573, "Trainer/epoch": 7, "Trainer/steps_train": 112}
{"Losses/train_all_loss": 2.5842131546565463, "Losses/train_all_loss_mask": 0.04514195104794843, "Losses/train_all_loss_dice": 0.7640872342245919, "Losses/train_all_loss_iou": 0.06622932292521, "Losses/train_all_loss_class": 1.2372493224364702e-05, "Losses/train_all_core_loss": 2.5842131546565463, "Trainer/where": 0.22321428571428573, "Trainer/epoch": 8, "Trainer/steps_train": 126}
{"Losses/train_all_loss": 2.5547859839030673, "Losses/train_all_loss_mask": 0.04408617743424007, "Losses/train_all_loss_dice": 0.7505576057093484, "Losses/train_all_loss_iou": 0.08268114573521805, "Losses/train_all_loss_class": 1.0981311941834652e-06, "Losses/train_all_core_loss": 2.5547859839030673, "Trainer/where": 0.24821428571428572, "Trainer/epoch": 9, "Trainer/steps_train": 140}
{"Losses/train_all_loss": 2.5591517857142856, "Losses/train_all_loss_mask": 0.04538126156798431, "Losses/train_all_loss_dice": 0.7479006222316197, "Losses/train_all_loss_iou": 0.08854326126830918, "Losses/train_all_loss_class": 3.269055193211301e-07, "Losses/train_all_core_loss": 2.5591517857142856, "Trainer/where": 0.27321428571428574, "Trainer/epoch": 10, "Trainer/steps_train": 154}
{"Losses/train_all_loss": 2.53338394846235, "Losses/train_all_loss_mask": 0.04491685889661312, "Losses/train_all_loss_dice": 0.7406992954867226, "Losses/train_all_loss_iou": 0.08659455100340503, "Losses/train_all_loss_class": 0.00010726112820813594, "Losses/train_all_core_loss": 2.53338394846235, "Trainer/where": 0.2982142857142857, "Trainer/epoch": 11, "Trainer/steps_train": 168}
{"Losses/train_all_loss": 2.573430504117693, "Losses/train_all_loss_mask": 0.05000936745532921, "Losses/train_all_loss_dice": 0.7373847833701542, "Losses/train_all_loss_iou": 0.11121642004166331, "Losses/train_all_loss_class": 1.2965590362425314e-05, "Losses/train_all_core_loss": 2.573430504117693, "Trainer/where": 0.32321428571428573, "Trainer/epoch": 12, "Trainer/steps_train": 182}
{"Losses/train_all_loss": 2.569337385041373, "Losses/train_all_loss_mask": 0.04626588496778693, "Losses/train_all_loss_dice": 0.7401419196810041, "Losses/train_all_loss_iou": 0.11755808702270899, "Losses/train_all_loss_class": 2.4101533233051547e-05, "Losses/train_all_core_loss": 2.569337385041373, "Trainer/where": 0.3482142857142857, "Trainer/epoch": 13, "Trainer/steps_train": 196}
{"Losses/train_all_loss": 2.534099681036813, "Losses/train_all_loss_mask": 0.04526895923273904, "Losses/train_all_loss_dice": 0.7364231773785183, "Losses/train_all_loss_iou": 0.09847555043441909, "Losses/train_all_loss_class": 9.84867362802122e-06, "Losses/train_all_core_loss": 2.534099681036813, "Trainer/where": 0.3732142857142857, "Trainer/epoch": 14, "Trainer/steps_train": 210}
{"Losses/train_all_loss": 2.5603580474853516, "Losses/train_all_loss_mask": 0.04884399766368525, "Losses/train_all_loss_dice": 0.7401950103896004, "Losses/train_all_loss_iou": 0.09553467163017818, "Losses/train_all_loss_class": 1.8411754118414464e-05, "Losses/train_all_core_loss": 2.5603580474853516, "Trainer/where": 0.39821428571428574, "Trainer/epoch": 15, "Trainer/steps_train": 224}
{"Losses/train_all_loss": 2.4891976628984724, "Losses/train_all_loss_mask": 0.043534518352576664, "Losses/train_all_loss_dice": 0.7236720280987876, "Losses/train_all_loss_iou": 0.100461962765881, "Losses/train_all_loss_class": 4.705925164434037e-05, "Losses/train_all_core_loss": 2.4891976628984724, "Trainer/where": 0.42321428571428565, "Trainer/epoch": 16, "Trainer/steps_train": 238}
{"Losses/train_all_loss": 2.5149968011038646, "Losses/train_all_loss_mask": 0.04627070230032716, "Losses/train_all_loss_dice": 0.7214754564421517, "Losses/train_all_loss_iou": 0.11920821107923985, "Losses/train_all_loss_class": 8.769916664323554e-06, "Losses/train_all_core_loss": 2.5149968011038646, "Trainer/where": 0.4482142857142857, "Trainer/epoch": 17, "Trainer/steps_train": 252}
{"Losses/train_all_loss": 2.510674544743129, "Losses/train_all_loss_mask": 0.04834977351129055, "Losses/train_all_loss_dice": 0.7202605136803218, "Losses/train_all_loss_iou": 0.10810191184282303, "Losses/train_all_loss_class": 4.22284779329128e-05, "Losses/train_all_core_loss": 2.510674544743129, "Trainer/where": 0.4732142857142857, "Trainer/epoch": 18, "Trainer/steps_train": 266}
{"Losses/train_all_loss": 2.512265477861677, "Losses/train_all_loss_mask": 0.04469349182077816, "Losses/train_all_loss_dice": 0.7231157081467765, "Losses/train_all_loss_iou": 0.11945080597485815, "Losses/train_all_loss_class": 6.829343282555023e-08, "Losses/train_all_core_loss": 2.512265477861677, "Trainer/where": 0.49821428571428567, "Trainer/epoch": 19, "Trainer/steps_train": 280}
{"Losses/train_all_loss": 2.525753344808306, "Losses/train_all_loss_mask": 0.04993482093725886, "Losses/train_all_loss_dice": 0.7181651507105146, "Losses/train_all_loss_iou": 0.12158366665244102, "Losses/train_all_loss_class": 1.0885106819077553e-07, "Losses/train_all_core_loss": 2.525753344808306,