{
  "tumor": {
    "dice": 0.024061337588656913,
    "std": 0.05074841423298251,
    "count": 45
  },
  "stroma": {
    "dice": 0.0077548112442486295,
    "std": 0.015472149408815646,
    "count": 45
  },
  "lymphocyte": {
    "dice": 0.022457872490252644,
    "std": 0.04813396441443255,
    "count": 37
  },
  "necrosis": {
    "dice": 0.017474860253418167,
    "std": 0.03580937940711235,
    "count": 23
  },
  "blood_vessel": {
    "dice": 0.007462216730944134,
    "std": 0.013009500221826262,
    "count": 30
  },
  "overall": 0.01604697926320577
}