{
  "tumor": {
    "dice": 0.2695859336520625,
    "std": 0.23948738885951965,
    "count": 45
  },
  "stroma": {
    "dice": 0.3308454762788394,
    "std": 0.24202189806140645,
    "count": 45
  },
  "lymphocyte": {
    "dice": 0.30693694710851394,
    "std": 0.26269635425062426,
    "count": 37
  },
  "necrosis": {
    "dice": 0.513844430679636,
    "std": 0.2960096361964956,
    "count": 23
  },
  "blood_vessel": {
    "dice": 0.3386807800258899,
    "std": 0.2431091030847612,
    "count": 30
  },
  "overall": 0.3353051433128551
}