{
  "tumor": {
    "dice": 0.5598453891532928,
    "std": 0.14995142667478814,
    "count": 45
  },
  "stroma": {
    "dice": 0.522653406654387,
    "std": 0.16733962870667093,
    "count": 45
  },
  "lymphocyte": {
    "dice": 0.5619606671659938,
    "std": 0.21731337081428556,
    "count": 37
  },
  "necrosis": {
    "dice": 0.7159237253754442,
    "std": 0.1793250046406169,
    "count": 23
  },
  "blood_vessel": {
    "dice": 0.5150522395680586,
    "std": 0.22973130798054797,
    "count": 31
  },
  "overall": 0.5631925724128862
}