{"Losses/train_all_loss": 55.34091772351946, "Losses/train_all_loss_mask": 10.273653873375483, "Losses/train_all_loss_dice": 0.9640191452843803, "Losses/train_all_loss_iou": 0.1260335280426911, "Losses/train_all_loss_class": 1.9185762341533388, "Losses/train_all_core_loss": 55.34091772351946, "Trainer/where": 0.023214285714285715, "Trainer/epoch": 0, "Trainer/steps_train": 14}
{"Losses/train_all_loss": 24.811456058706558, "Losses/train_all_loss_mask": 4.426393351384571, "Losses/train_all_loss_dice": 0.8913008059774127, "Losses/train_all_loss_iou": 0.10623717893447195, "Losses/train_all_loss_class": 0.7906503266634185, "Losses/train_all_core_loss": 24.811456058706558, "Trainer/where": 0.048214285714285716, "Trainer/epoch": 1, "Trainer/steps_train": 28}
{"Losses/train_all_loss": 6.478852255003793, "Losses/train_all_loss_mask": 0.9268038368650845, "Losses/train_all_loss_dice": 0.8200807784284864, "Losses/train_all_loss_iou": 0.06801497816507306, "Losses/train_all_loss_class": 0.13665649721008627, "Losses/train_all_core_loss": 6.478852255003793, "Trainer/where": 0.07321428571428572, "Trainer/epoch": 2, "Trainer/steps_train": 42}
{"Losses/train_all_loss": 1.871182186262948, "Losses/train_all_loss_mask": 0.05014262321804251, "Losses/train_all_loss_dice": 0.7960164802415031, "Losses/train_all_loss_iou": 0.027760625085128204, "Losses/train_all_loss_class": 0.0006754947131434161, "Losses/train_all_core_loss": 1.871182186262948, "Trainer/where": 0.09821428571428573, "Trainer/epoch": 3, "Trainer/steps_train": 56}
{"Losses/train_all_loss": 1.79833984375, "Losses/train_all_loss_mask": 0.044737216351287704, "Losses/train_all_loss_dice": 0.7764364523547036, "Losses/train_all_loss_iou": 0.02154996500550104, "Losses/train_all_loss_class": 0.00023089138295574938, "Losses/train_all_core_loss": 1.79833984375, "Trainer/where": 0.12321428571428572, "Trainer/epoch": 4, "Trainer/steps_train": 70}
{"Losses/train_all_loss": 1.787094839981624, "Losses/train_all_loss_mask": 0.04693053982087544, "Losses/train_all_loss_dice": 0.7571170670645577, "Losses/train_all_loss_iou": 0.03810438364078956, "Losses/train_all_loss_class": 0.00010364871236566233, "Losses/train_all_core_loss": 1.787094839981624, "Trainer/where": 0.14821428571428572, "Trainer/epoch": 5, "Trainer/steps_train": 84}
{"Losses/train_all_loss": 1.758108139038086, "Losses/train_all_loss_mask": 0.040808358628834994, "Losses/train_all_loss_dice": 0.770356718982969, "Losses/train_all_loss_iou": 0.01327306337355237, "Losses/train_all_loss_class": 7.984753576211518e-05, "Losses/train_all_core_loss": 1.758108139038086, "Trainer/where": 0.1732142857142857, "Trainer/epoch": 6, "Trainer/steps_train": 98}
{"Losses/train_all_loss": 1.7774001104491097, "Losses/train_all_loss_mask": 0.04470204082982881, "Losses/train_all_loss_dice": 0.7503313762801034, "Losses/train_all_loss_iou": 0.053226941265165806, "Losses/train_all_loss_class": 2.1143420087759474e-07, "Losses/train_all_core_loss": 1.7774001104491097, "Trainer/where": 0.19821428571428573, "Trainer/epoch": 7, "Trainer/steps_train": 112}
{"Losses/train_all_loss": 1.7756712010928564, "Losses/train_all_loss_mask": 0.03948636579194239, "Losses/train_all_loss_dice": 0.7668467462062836, "Losses/train_all_loss_iou": 0.04191690448663264, "Losses/train_all_loss_class": 0.002628965597277338, "Losses/train_all_core_loss": 1.7756712010928564, "Trainer/where": 0.22321428571428573, "Trainer/epoch": 8, "Trainer/steps_train": 126}
{"Losses/train_all_loss": 1.7772584472383772, "Losses/train_all_loss_mask": 0.04307427683046886, "Losses/train_all_loss_dice": 0.7516976935522897, "Losses/train_all_loss_iou": 0.05849157167332513, "Losses/train_all_loss_class": 1.1669485190855613e-07, "Losses/train_all_core_loss": 1.7772584472383772, "Trainer/where": 0.24821428571428572, "Trainer/epoch": 9, "Trainer/steps_train": 140}
{"Losses/train_all_loss": 1.7549411143575395, "Losses/train_all_loss_mask": 0.04054035432636738, "Losses/train_all_loss_dice": 0.7557456621101925, "Losses/train_all_loss_iou": 0.04074456802170191, "Losses/train_all_loss_class": 3.4661994023057633e-06, "Losses/train_all_core_loss": 1.7549411143575395, "Trainer/where": 0.27321428571428574, "Trainer/epoch": 10, "Trainer/steps_train": 154}
{"Losses/train_all_loss": 1.7593425171715873, "Losses/train_all_loss_mask": 0.039518551368798525, "Losses/train_all_loss_dice": 0.7497321707861764, "Losses/train_all_loss_iou": 0.06228541216946074, "Losses/train_all_loss_class": 1.7290748122971474e-08, "Losses/train_all_core_loss": 1.7593425171715873, "Trainer/where": 0.2982142857142857, "Trainer/epoch": 11, "Trainer/steps_train": 168}
{"Losses/train_all_loss": 1.8149054220744543, "Losses/train_all_loss_mask": 0.04114181681403092, "Losses/train_all_loss_dice": 0.7414956518581935, "Losses/train_all_loss_iou": 0.12620475542332446, "Losses/train_all_loss_class": 2.823354745273843e-07, "Losses/train_all_core_loss": 1.8149054220744543, "Trainer/where": 0.32321428571428573, "Trainer/epoch": 12, "Trainer/steps_train": 182}
{"Losses/train_all_loss": 1.8243507657732283, "Losses/train_all_loss_mask": 0.04295034014752933, "Losses/train_all_loss_dice": 0.7229946000235421, "Losses/train_all_loss_iou": 0.16360985860228539, "Losses/train_all_loss_class": 1.663299108861649e-08, "Losses/train_all_core_loss": 1.8243507657732283, "Trainer/where": 0.3482142857142857, "Trainer/epoch": 13, "Trainer/steps_train": 196}
{"Losses/train_all_loss": 1.8130085894039698, "Losses/train_all_loss_mask": 0.04284620551126344, "Losses/train_all_loss_dice": 0.7350845081465585, "Losses/train_all_loss_iou": 0.12860065645405225, "Losses/train_all_loss_class": 7.888831996836051e-06, "Losses/train_all_core_loss": 1.8130085894039698, "Trainer/where": 0.3732142857142857, "Trainer/epoch": 14, "Trainer/steps_train": 210}
{"Losses/train_all_loss": 1.7776729549680437, "Losses/train_all_loss_mask": 0.040446056851318905, "Losses/train_all_loss_dice": 0.7419290925775256, "Losses/train_all_loss_iou": 0.09158380515873432, "Losses/train_all_loss_class": 6.886490456651082e-07, "Losses/train_all_core_loss": 1.7776729549680437, "Trainer/where": 0.39821428571428574, "Trainer/epoch": 15, "Trainer/steps_train": 224}
{"Losses/train_all_loss": 1.7971427866390772, "Losses/train_all_loss_mask": 0.04304675491792815, "Losses/train_all_loss_dice": 0.7263330221176147, "Losses/train_all_loss_iou": 0.12924292523946082, "Losses/train_all_loss_class": 5.042112263026992e-08, "Losses/train_all_core_loss": 1.7971427866390772, "Trainer/where": 0.42321428571428565, "Trainer/epoch": 16, "Trainer/steps_train": 238}
{"Losses/train_all_loss": 1.7648900832448686, "Losses/train_all_loss_mask": 0.03935148673398154, "Losses/train_all_loss_dice": 0.7291663629668099, "Losses/train_all_loss_iou": 0.10979935792940003, "Losses/train_all_loss_class": 5.497904770355008e-07, "Losses/train_all_core_loss": 1.7648900832448686, "Trainer/where": 0.4482142857142857, "Trainer/epoch": 17, "Trainer/steps_train": 252}
{"Losses/train_all_loss": 1.7639148831367493, "Losses/train_all_loss_mask": 0.03933353881750788, "Losses/train_all_loss_dice": 0.734253317117691, "Losses/train_all_loss_iou": 0.09873896251831736, "Losses/train_all_loss_class": 1.5939553408184887e-06, "Losses/train_all_core_loss": 1.7639148831367493, "Trainer/where": 0.4732142857142857, "Trainer/epoch": 18, "Trainer/steps_train": 266}
{"Losses/train_all_loss": 1.7842046873910087, "Losses/train_all_loss_mask": 0.042753711342811584, "Losses/train_all_loss_dice": 0.7249062189034053, "Losses/train_all_loss_iou": 0.12062365455286843, "Losses/train_all_loss_class": 3.856098738335463e-08, "Losses/train_all_core_loss": 1.7842046873910087, "Trainer/where": 0.49821428571428567, "Trainer/epoch": 19, "Trainer/steps_train": 280}
{"Losses/train_all_loss": 1.7547876579420907, "Losses/train_all_loss_mask": 0.036815915389784744, "Losses/train_all_loss_dice": 0.7388537994452885, "Losses/train_all_loss_iou": 0.09299859404563904, "Losses/train_all_loss_class": 1.883468721395173e-06,