{"Trainer/where": 0.019047619047619046, "Trainer/epoch": 0, "Trainer/steps_train": 21}
{"Trainer/where": 0.039047619047619046, "Trainer/epoch": 1, "Trainer/steps_train": 42}
{"Trainer/where": 0.05904761904761905, "Trainer/epoch": 2, "Trainer/steps_train": 63}
{"Trainer/where": 0.07904761904761905, "Trainer/epoch": 3, "Trainer/steps_train": 84}
{"Trainer/where": 0.09904761904761905, "Trainer/epoch": 4, "Trainer/steps_train": 105}
{"Trainer/where": 0.11904761904761905, "Trainer/epoch": 5, "Trainer/steps_train": 126}
{"Trainer/where": 0.13904761904761906, "Trainer/epoch": 6, "Trainer/steps_train": 147}
{"Trainer/where": 0.15904761904761905, "Trainer/epoch": 7, "Trainer/steps_train": 168}
{"Trainer/where": 0.17904761904761904, "Trainer/epoch": 8, "Trainer/steps_train": 189}
{"Trainer/where": 0.19904761904761906, "Trainer/epoch": 9, "Trainer/steps_train": 210}
{"Trainer/where": 0.21904761904761905, "Trainer/epoch": 10, "Trainer/steps_train": 231}
{"Trainer/where": 0.23904761904761906, "Trainer/epoch": 11, "Trainer/steps_train": 252}
{"Trainer/where": 0.259047619047619, "Trainer/epoch": 12, "Trainer/steps_train": 273}
{"Trainer/where": 0.27904761904761904, "Trainer/epoch": 13, "Trainer/steps_train": 294}
{"Trainer/where": 0.29904761904761906, "Trainer/epoch": 14, "Trainer/steps_train": 315}
{"Trainer/where": 0.319047619047619, "Trainer/epoch": 15, "Trainer/steps_train": 336}
{"Trainer/where": 0.33904761904761904, "Trainer/epoch": 16, "Trainer/steps_train": 357}
{"Trainer/where": 0.35904761904761906, "Trainer/epoch": 17, "Trainer/steps_train": 378}
{"Trainer/where": 0.3790476190476191, "Trainer/epoch": 18, "Trainer/steps_train": 399}
{"Trainer/where": 0.39904761904761904, "Trainer/epoch": 19, "Trainer/steps_train": 420}
{"Trainer/where": 0.41904761904761906, "Trainer/epoch": 20, "Trainer/steps_train": 441}
{"Trainer/where": 0.4390476190476191, "Trainer/epoch": 21, "Trainer/steps_train": 462}
{"Trainer/where": 0.45904761904761904, "Trainer/epoch": 22, "Trainer/steps_train": 483}
{"Trainer/where": 0.47904761904761906, "Trainer/epoch": 23, "Trainer/steps_train": 504}
{"Trainer/where": 0.4990476190476191, "Trainer/epoch": 24, "Trainer/steps_train": 525}
{"Trainer/where": 0.5190476190476191, "Trainer/epoch": 25, "Trainer/steps_train": 546}
{"Trainer/where": 0.539047619047619, "Trainer/epoch": 26, "Trainer/steps_train": 567}
{"Trainer/where": 0.559047619047619, "Trainer/epoch": 27, "Trainer/steps_train": 588}
{"Trainer/where": 0.579047619047619, "Trainer/epoch": 28, "Trainer/steps_train": 609}
{"Trainer/where": 0.599047619047619, "Trainer/epoch": 29, "Trainer/steps_train": 630}
{"Trainer/where": 0.6190476190476191, "Trainer/epoch": 30, "Trainer/steps_train": 651}
{"Trainer/where": 0.6390476190476191, "Trainer/epoch": 31, "Trainer/steps_train": 672}
{"Trainer/where": 0.659047619047619, "Trainer/epoch": 32, "Trainer/steps_train": 693}
{"Trainer/where": 0.679047619047619, "Trainer/epoch": 33, "Trainer/steps_train": 714}
{"Trainer/where": 0.699047619047619, "Trainer/epoch": 34, "Trainer/steps_train": 735}
{"Trainer/where": 0.7190476190476189, "Trainer/epoch": 35, "Trainer/steps_train": 756}
{"Trainer/where": 0.739047619047619, "Trainer/epoch": 36, "Trainer/steps_train": 777}
{"Trainer/where": 0.759047619047619, "Trainer/epoch": 37, "Trainer/steps_train": 798}
{"Trainer/where": 0.779047619047619, "Trainer/epoch": 38, "Trainer/steps_train": 819}
{"Trainer/where": 0.799047619047619, "Trainer/epoch": 39, "Trainer/steps_train": 840}
{"Trainer/where": 0.819047619047619, "Trainer/epoch": 40, "Trainer/steps_train": 861}
{"Trainer/where": 0.8390476190476189, "Trainer/epoch": 41, "Trainer/steps_train": 882}
{"Trainer/where": 0.859047619047619, "Trainer/epoch": 42, "Trainer/steps_train": 903}
{"Trainer/where": 0.879047619047619, "Trainer/epoch": 43, "Trainer/steps_train": 924}
{"Trainer/where": 0.899047619047619, "Trainer/epoch": 44, "Trainer/steps_train": 945}
{"Trainer/where": 0.919047619047619, "Trainer/epoch": 45, "Trainer/steps_train": 966}
{"Trainer/where": 0.939047619047619, "Trainer/epoch": 46, "Trainer/steps_train": 987}
{"Trainer/where": 0.9590476190476189, "Trainer/epoch": 47, "Trainer/steps_train": 1008}
{"Trainer/where": 0.9790476190476189, "Trainer/epoch": 48, "Trainer/steps_train": 1029}
{"Trainer/where": 0.999047619047619, "Trainer/epoch": 49, "Trainer/steps_train": 1050}
