{"Losses/train_all_loss": 45.424840859004426, "Losses/train_all_core_loss": 45.424840859004426, "Losses/train_all_focal_loss": 42.60538009234837, "Losses/train_all_dice_loss": 0.9398202016240075, "Trainer/where": 0.019047619047619046, "Trainer/epoch": 0, "Trainer/steps_train": 21}
{"Losses/train_all_loss": 61.194160881496614, "Losses/train_all_core_loss": 61.194160881496614, "Losses/train_all_focal_loss": 58.33195718129476, "Losses/train_all_dice_loss": 0.9540679369653974, "Trainer/where": 0.039047619047619046, "Trainer/epoch": 1, "Trainer/steps_train": 42}
{"Losses/train_all_loss": 40.911170335043046, "Losses/train_all_core_loss": 40.911170335043046, "Losses/train_all_focal_loss": 38.334883001588636, "Losses/train_all_dice_loss": 0.8587625055086046, "Trainer/where": 0.05904761904761905, "Trainer/epoch": 2, "Trainer/steps_train": 63}
{"Losses/train_all_loss": 46.46465746561686, "Losses/train_all_core_loss": 46.46465746561686, "Losses/train_all_focal_loss": 44.051863825037366, "Losses/train_all_dice_loss": 0.8042644432612828, "Trainer/where": 0.07904761904761905, "Trainer/epoch": 3, "Trainer/steps_train": 84}
{"Losses/train_all_loss": 49.10586178870428, "Losses/train_all_core_loss": 49.10586178870428, "Losses/train_all_focal_loss": 46.699989492694534, "Losses/train_all_dice_loss": 0.801957388718923, "Trainer/where": 0.09904761904761905, "Trainer/epoch": 4, "Trainer/steps_train": 105}
{"Losses/train_all_loss": 62.11355153719584, "Losses/train_all_core_loss": 62.11355153719584, "Losses/train_all_focal_loss": 59.65876895047369, "Losses/train_all_dice_loss": 0.8182606867381504, "Trainer/where": 0.11904761904761905, "Trainer/epoch": 5, "Trainer/steps_train": 126}
{"Losses/train_all_loss": 50.21737674304417, "Losses/train_all_core_loss": 50.21737674304417, "Losses/train_all_focal_loss": 47.82766423126062, "Losses/train_all_dice_loss": 0.7965708942640395, "Trainer/where": 0.13904761904761906, "Trainer/epoch": 6, "Trainer/steps_train": 147}
{"Losses/train_all_loss": 51.219522226424445, "Losses/train_all_core_loss": 51.219522226424445, "Losses/train_all_focal_loss": 48.831517482087726, "Losses/train_all_dice_loss": 0.7960015762419927, "Trainer/where": 0.15904761904761905, "Trainer/epoch": 7, "Trainer/steps_train": 168}
{"Losses/train_all_loss": 46.51480206989107, "Losses/train_all_core_loss": 46.51480206989107, "Losses/train_all_focal_loss": 44.1862019123066, "Losses/train_all_dice_loss": 0.7762001639320737, "Trainer/where": 0.17904761904761904, "Trainer/epoch": 8, "Trainer/steps_train": 189}
{"Losses/train_all_loss": 48.97129935310001, "Losses/train_all_core_loss": 48.97129935310001, "Losses/train_all_focal_loss": 46.591409110597205, "Losses/train_all_dice_loss": 0.7932967373303005, "Trainer/where": 0.19904761904761906, "Trainer/epoch": 9, "Trainer/steps_train": 210}
{"Losses/train_all_loss": 38.52896392913092, "Losses/train_all_core_loss": 38.52896392913092, "Losses/train_all_focal_loss": 36.22248947478476, "Losses/train_all_dice_loss": 0.7688248015585399, "Trainer/where": 0.21904761904761905, "Trainer/epoch": 10, "Trainer/steps_train": 231}
{"Losses/train_all_loss": 48.8959751583281, "Losses/train_all_core_loss": 48.8959751583281, "Losses/train_all_focal_loss": 46.59207401956831, "Losses/train_all_dice_loss": 0.7679672156061444, "Trainer/where": 0.23904761904761906, "Trainer/epoch": 11, "Trainer/steps_train": 252}
{"Losses/train_all_loss": 31.674378871917725, "Losses/train_all_core_loss": 31.674378871917725, "Losses/train_all_focal_loss": 29.442733235302427, "Losses/train_all_dice_loss": 0.743881813117436, "Trainer/where": 0.259047619047619, "Trainer/epoch": 12, "Trainer/steps_train": 273}
{"Losses/train_all_loss": 43.96120500564575, "Losses/train_all_core_loss": 43.96120500564575, "Losses/train_all_focal_loss": 41.704146598776184, "Losses/train_all_dice_loss": 0.7523527684665862, "Trainer/where": 0.27904761904761904, "Trainer/epoch": 13, "Trainer/steps_train": 294}
{"Losses/train_all_loss": 41.60442407358261, "Losses/train_all_core_loss": 41.60442407358261, "Losses/train_all_focal_loss": 39.363774450052354, "Losses/train_all_dice_loss": 0.7468832163583665, "Trainer/where": 0.29904761904761906, "Trainer/epoch": 14, "Trainer/steps_train": 315}
{"Losses/train_all_loss": 31.64965269679115, "Losses/train_all_core_loss": 31.64965269679115, "Losses/train_all_focal_loss": 29.45281919801519, "Losses/train_all_dice_loss": 0.7322776942026048, "Trainer/where": 0.319047619047619, "Trainer/epoch": 15, "Trainer/steps_train": 336}
{"Losses/train_all_loss": 28.768348444075812, "Losses/train_all_core_loss": 28.768348444075812, "Losses/train_all_focal_loss": 26.557993013234366, "Losses/train_all_dice_loss": 0.7367850967815944, "Trainer/where": 0.33904761904761904, "Trainer/epoch": 16, "Trainer/steps_train": 357}
{"Losses/train_all_loss": 38.55428749606723, "Losses/train_all_core_loss": 38.55428749606723, "Losses/train_all_focal_loss": 36.29536893715461, "Losses/train_all_dice_loss": 0.7529728157179696, "Trainer/where": 0.35904761904761906, "Trainer/epoch": 17, "Trainer/steps_train": 378}
{"Losses/train_all_loss": 38.62104914301918, "Losses/train_all_core_loss": 38.62104914301918, "Losses/train_all_focal_loss": 36.38319100652422, "Losses/train_all_dice_loss": 0.7459527793384734, "Trainer/where": 0.3790476190476191, "Trainer/epoch": 18, "Trainer/steps_train": 399}
{"Losses/train_all_loss": 30.89721842039199, "Losses/train_all_core_loss": 30.89721842039199, "Losses/train_all_focal_loss": 28.748271391505288, "Losses/train_all_dice_loss": 0.7163158144269671, "Trainer/where": 0.39904761904761904, "Trainer/epoch": 19, "Trainer/steps_train": 420}
{"Losses/train_all_loss": 34.06667111033485, "Losses/train_all_core_loss": 34.06667111033485, "Losses/train_all_focal_loss": 31.86472066030616, "Losses/train_all_dice_loss": 0.7339836217108227, "Trainer/where": 0.41904761904761906, "Trainer/epoch": 20, "Trainer/steps_train": 441}
{"Losses/train_all_loss": 37.90537439073835, "Losses/train_all_core_loss": 37.90537439073835, "Losses/train_all_focal_loss": 35.73059299339851, "Losses/train_all_dice_loss": 0.7249269485473633, "Trainer/where": 0.4390476190476191, "Trainer/epoch": 21, "Trainer/steps_train": 462}
{"Losses/train_all_loss": 33.90174612544832, "Losses/train_all_core_loss": 33.90174612544832, "Losses/train_all_focal_loss": 31.67254012823105, "Losses/train_all_dice_loss": 0.7430686893917265, "Trainer/where": 0.45904761904761904, "Trainer/epoch": 22, "Trainer/steps_train": 483}
{"Losses/train_all_loss": 42.9301689692906, "Losses/train_all_core_loss": 42.9301689692906, "Losses/train_all_focal_loss": 40.70429592650561, "Losses/train_all_dice_loss": 0.741957806405567, "Trainer/where": 0.47904761904761906, "Trainer/epoch": 23, "Trainer/steps_train": 504}
{"Losses/train_all_loss": 31.75496515205928, "Losses/train_all_core_loss": 31.75496515205928, "Losses/train_all_focal_loss": 29.61467081379323, "Losses/train_all_dice_loss": 0.7134313044093904, "Trainer/where": 0.4990476190476191, "Trainer/epoch": 24, "Trainer/steps_train": 525}
{"Losses/train_all_loss": 33.96142337435768, "Losses/train_all_core_loss": 33.96142337435768, "Losses/train_all_focal_loss": 31.803656333259173, "Losses/train_all_dice_loss": 0.719255648908161, "Trainer/where": 0.5190476190476191, "Trainer/epoch": 25, "Trainer/steps_train": 546}
{"Losses/train_all_loss": 26.980764286858694, "Losses/train_all_core_loss": 26.980764286858694, "Losses/train_all_focal_loss": 24.83414535721143, "Losses/train_all_dice_loss": 0.7155397250538781, "Trainer/where": 0.539047619047619, "Trainer/epoch": 26, "Trainer/steps_train": 567}
{"Losses/train_all_loss": 43.34642549923488, "Losses/train_all_core_loss": 43.34642549923488, "Losses/train_all_focal_loss": 41.13833713531494, "Losses/train_all_dice_loss": 0.736029326915741, "Trainer/where": 0.559047619047619, "Trainer/epoch": 27, "Trainer/steps_train": 588}
{"Losses/train_all_loss": 41.599918825285776, "Losses/train_all_core_loss": 41.599918825285776,