{
  "medsam_box": {
    "per_class": {
      "tumor": {
        "dice_mean": 0.5727934618966587,
        "dice_std": 0.16389137085244135,
        "iou_mean": 0.41892526838406396,
        "iou_std": 0.15479074026177383,
        "count": 45
      },
      "stroma": {
        "dice_mean": 0.48638579613571875,
        "dice_std": 0.16131129759686016,
        "iou_mean": 0.3368200417368919,
        "iou_std": 0.1464872389318684,
        "count": 45
      },
      "lymphocyte": {
        "dice_mean": 0.5416619086660796,
        "dice_std": 0.20297841088801347,
        "iou_mean": 0.39764682410028535,
        "iou_std": 0.19056122658845487,
        "count": 37
      },
      "necrosis": {
        "dice_mean": 0.6149899601667311,
        "dice_std": 0.18809754070526444,
        "iou_mean": 0.4685360616211014,
        "iou_std": 0.1833966497725244,
        "count": 23
      },
      "blood_vessel": {
        "dice_mean": 0.40699109206535067,
        "dice_std": 0.17350471793445355,
        "iou_mean": 0.27059224759337763,
        "iou_std": 0.14007344196735821,
        "count": 31
      }
    },
    "overall": {
      "dice_mean": 0.5219118793920586,
      "dice_std": 0.18873616930432321,
      "iou_mean": 0.3750616604410697,
      "iou_std": 0.1739979175670591,
      "total_samples": 181
    },
    "use_tta": false
  },
  "medsam_box_tta": {
    "per_class": {
      "tumor": {
        "dice_mean": 0.5753490068647183,
        "dice_std": 0.16135617691214016,
        "iou_mean": 0.4211505812163506,
        "iou_std": 0.15441001322156175,
        "count": 45
      },
      "stroma": {
        "dice_mean": 0.505350299340894,
        "dice_std": 0.16648465157602552,
        "iou_mean": 0.35555918518551344,
        "iou_std": 0.15824106005596533,
        "count": 45
      },
      "lymphocyte": {
        "dice_mean": 0.5486569575187467,
        "dice_std": 0.203252843900076,
        "iou_mean": 0.40455674565876515,
        "iou_std": 0.19148622338002766,
        "count": 37
      },
      "necrosis": {
        "dice_mean": 0.6474458862471871,
        "dice_std": 0.17562060833865584,
        "iou_mean": 0.5012984711037964,
        "iou_std": 0.17703659801973584,
        "count": 23
      },
      "blood_vessel": {
        "dice_mean": 0.4266524823463488,
        "dice_std": 0.1933769945765846,
        "iou_mean": 0.29059697952573277,
        "iou_std": 0.15944442815175158,
        "count": 31
      }
    },
    "overall": {
      "dice_mean": 0.5361837488611508,
      "dice_std": 0.19081431047752753,
      "iou_mean": 0.38927574739305654,
      "iou_std": 0.17841181001330578,
      "total_samples": 181
    },
    "use_tta": true
  }
}