{
  "tumor": {
    "dice": 0.3626323340527954,
    "std": 0.23896209369066582,
    "count": 45
  },
  "stroma": {
    "dice": 0.3870123744009151,
    "std": 0.2322579156248517,
    "count": 45
  },
  "lymphocyte": {
    "dice": 0.2896012547654529,
    "std": 0.24291161164155486,
    "count": 37
  },
  "necrosis": {
    "dice": 0.4817936903634872,
    "std": 0.3019460353841196,
    "count": 23
  },
  "blood_vessel": {
    "dice": 0.34678492459232035,
    "std": 0.23769841889366033,
    "count": 30
  },
  "overall": 0.3663003384603808
}