{
  "tumor": {
    "dice": 0.5601771241756571,
    "std": 0.14837330696474743,
    "count": 45
  },
  "stroma": {
    "dice": 0.5373096083843203,
    "std": 0.16740239945409716,
    "count": 45
  },
  "lymphocyte": {
    "dice": 0.5492994914792894,
    "std": 0.20919736520642557,
    "count": 37
  },
  "necrosis": {
    "dice": 0.6987201564255379,
    "std": 0.18737626644439312,
    "count": 23
  },
  "blood_vessel": {
    "dice": 0.5041860151512781,
    "std": 0.2206086108177541,
    "count": 31
  },
  "overall": 0.5602835039635894
}