{
  "tumor": {
    "dice": 0.49412810935193285,
    "std": 0.14268651670928387,
    "count": 45
  },
  "stroma": {
    "dice": 0.3798065865939833,
    "std": 0.1901750456871385,
    "count": 34
  },
  "lymphocyte": {
    "dice": 0.36387349211386766,
    "std": 0.21065389115302682,
    "count": 37
  },
  "necrosis": {
    "dice": 0.47282663261131,
    "std": 0.25676527980322345,
    "count": 23
  },
  "blood_vessel": {
    "dice": 0.3704316825933227,
    "std": 0.22474605994270247,
    "count": 31
  },
  "overall": 0.4174758987276391
}