{"Trainer/where": 0.09761904761904762, "Trainer/epoch": 0, "Trainer/steps_train": 42}
{"Trainer/where": 0.19761904761904764, "Trainer/epoch": 1, "Trainer/steps_train": 84}
{"Trainer/where": 0.2976190476190476, "Trainer/epoch": 2, "Trainer/steps_train": 126}
{"Trainer/where": 0.39761904761904765, "Trainer/epoch": 3, "Trainer/steps_train": 168}
{"Trainer/where": 0.4976190476190476, "Trainer/epoch": 4, "Trainer/steps_train": 210}
{"Trainer/where": 0.5976190476190476, "Trainer/epoch": 5, "Trainer/steps_train": 252}
{"Trainer/where": 0.6976190476190476, "Trainer/epoch": 6, "Trainer/steps_train": 294}
{"Trainer/where": 0.7976190476190477, "Trainer/epoch": 7, "Trainer/steps_train": 336}
{"Trainer/where": 0.8976190476190476, "Trainer/epoch": 8, "Trainer/steps_train": 378}
{"Trainer/where": 0.9976190476190476, "Trainer/epoch": 9, "Trainer/steps_train": 420}
