{"Losses/train_all_loss": 13.926169009435744, "Losses/train_all_loss_mask": 0.40420938407381374, "Losses/train_all_loss_dice": 4.485084488278344, "Losses/train_all_loss_iou": 1.356895509220305, "Losses/train_all_loss_class": 1.523185594035478e-06, "Losses/train_all_core_loss": 13.926169009435744, "Trainer/where": 0.09761904761904762, "Trainer/epoch": 0, "Trainer/steps_train": 42}
{"Losses/train_all_loss": 10.73010161944798, "Losses/train_all_loss_mask": 0.26231770944737254, "Losses/train_all_loss_dice": 4.594209165800185, "Losses/train_all_loss_iou": 0.8895296709878104, "Losses/train_all_loss_class": 8.645461723199604e-06, "Losses/train_all_core_loss": 10.73010161944798, "Trainer/where": 0.19761904761904764, "Trainer/epoch": 1, "Trainer/steps_train": 84}
{"Losses/train_all_loss": 9.635245692162286, "Losses/train_all_loss_mask": 0.228818652707906, "Losses/train_all_loss_dice": 4.17164823554811, "Losses/train_all_loss_iou": 0.8872169029145014, "Losses/train_all_loss_class": 7.509297797633895e-06, "Losses/train_all_core_loss": 9.635245692162286, "Trainer/where": 0.2976190476190476, "Trainer/epoch": 2, "Trainer/steps_train": 126}
{"Losses/train_all_loss": 9.702584800266084, "Losses/train_all_loss_mask": 0.23288347926877795, "Losses/train_all_loss_dice": 4.218841200783139, "Losses/train_all_loss_iou": 0.8260684183665684, "Losses/train_all_loss_class": 5.59903735747589e-06, "Losses/train_all_core_loss": 9.702584800266084, "Trainer/where": 0.39761904761904765, "Trainer/epoch": 3, "Trainer/steps_train": 168}
{"Losses/train_all_loss": 9.217493409202213, "Losses/train_all_loss_mask": 0.2118556314990634, "Losses/train_all_loss_dice": 4.163265988940284, "Losses/train_all_loss_iou": 0.8170981009801229, "Losses/train_all_loss_class": 1.662842040468198e-05, "Losses/train_all_core_loss": 9.217493409202213, "Trainer/where": 0.4976190476190476, "Trainer/epoch": 4, "Trainer/steps_train": 210}
{"Losses/train_all_loss": 9.21908738499596, "Losses/train_all_loss_mask": 0.21520574319930302, "Losses/train_all_loss_dice": 4.082547959827242, "Losses/train_all_loss_iou": 0.8324180302165803, "Losses/train_all_loss_class": 6.517879711678699e-06, "Losses/train_all_core_loss": 9.21908738499596, "Trainer/where": 0.5976190476190476, "Trainer/epoch": 5, "Trainer/steps_train": 252}
{"Losses/train_all_loss": 8.942431563422794, "Losses/train_all_loss_mask": 0.2081005230900787, "Losses/train_all_loss_dice": 3.9856097925276983, "Losses/train_all_loss_iou": 0.7948072197891417, "Losses/train_all_loss_class": 4.071232054930498e-06, "Losses/train_all_core_loss": 8.942431563422794, "Trainer/where": 0.6976190476190476, "Trainer/epoch": 6, "Trainer/steps_train": 294}
{"Losses/train_all_loss": 8.935040031160627, "Losses/train_all_loss_mask": 0.20828872067587717, "Losses/train_all_loss_dice": 3.9665197077251615, "Losses/train_all_loss_iou": 0.8027408633913312, "Losses/train_all_loss_class": 5.191198981368048e-06, "Losses/train_all_core_loss": 8.935040031160627, "Trainer/where": 0.7976190476190477, "Trainer/epoch": 7, "Trainer/steps_train": 336}
{"Losses/train_all_loss": 9.041919027056013, "Losses/train_all_loss_mask": 0.2109092069523675, "Losses/train_all_loss_dice": 4.039101680119832, "Losses/train_all_loss_iou": 0.7846226152919588, "Losses/train_all_loss_class": 1.0715991817455972e-05, "Losses/train_all_core_loss": 9.041919027056013, "Trainer/where": 0.8976190476190476, "Trainer/epoch": 8, "Trainer/steps_train": 378}
{"Losses/train_all_loss": 8.848121620359874, "Losses/train_all_loss_mask": 0.20672499211061568, "Losses/train_all_loss_dice": 3.9350553978057135, "Losses/train_all_loss_iou": 0.7785611620971135, "Losses/train_all_loss_class": 5.319095706578567e-06, "Losses/train_all_core_loss": 8.848121620359874, "Trainer/where": 0.9976190476190476, "Trainer/epoch": 9, "Trainer/steps_train": 420}
{"Losses/train_all_loss": 27.803637327867396, "Losses/train_all_loss_mask": 1.3352429112802973, "Losses/train_all_loss_dice": 0.7913145598243264, "Losses/train_all_loss_iou": 0.17085137792369898, "Losses/train_all_loss_class": 0.13661338948023824, "Losses/train_all_core_loss": 27.803637327867396, "Trainer/where": 0.9882352941176471, "Trainer/epoch": 0, "Trainer/steps_train": 85}
{"Losses/train_all_loss": 367.3198547363281, "Losses/train_all_loss_mask": 18.153255462646484, "Losses/train_all_loss_dice": 0.8990864753723145, "Losses/train_all_loss_iou": 0.2985493838787079, "Losses/train_all_loss_class": 3.057093620300293, "Losses/train_all_core_loss": 367.3198547363281, "Trainer/where": 0.0, "Trainer/epoch": 0, "Trainer/steps_train": 1}
{"Losses/train_all_loss": 2.457414388656616, "Losses/train_all_loss_mask": 0.061832211911678314, "Losses/train_all_loss_dice": 0.9884224534034729, "Losses/train_all_loss_iou": 0.232347771525383, "Losses/train_all_loss_class": 1.1160104840257645e-08, "Losses/train_all_core_loss": 2.457414388656616, "Trainer/where": 0.0001, "Trainer/epoch": 1, "Trainer/steps_train": 2}
