{
  "tumor": {
    "dice": 0.5647611384921857,
    "std": 0.15066705281548534,
    "count": 45
  },
  "stroma": {
    "dice": 0.5398710485054506,
    "std": 0.16720672980681123,
    "count": 45
  },
  "lymphocyte": {
    "dice": 0.5616914276970535,
    "std": 0.20802088693351845,
    "count": 37
  },
  "necrosis": {
    "dice": 0.7078266390549367,
    "std": 0.18722689377346016,
    "count": 23
  },
  "blood_vessel": {
    "dice": 0.5044302284523382,
    "std": 0.22118860096980245,
    "count": 31
  },
  "overall": 0.5657921603313295
}