{"Trainer/where": 0.009285714285714286, "Trainer/epoch": 0, "Trainer/steps_train": 14}
{"Trainer/where": 0.019285714285714285, "Trainer/epoch": 1, "Trainer/steps_train": 28}
{"Trainer/where": 0.02928571428571429, "Trainer/epoch": 2, "Trainer/steps_train": 42}
{"Trainer/where": 0.039285714285714285, "Trainer/epoch": 3, "Trainer/steps_train": 56}
{"Trainer/where": 0.04928571428571429, "Trainer/epoch": 4, "Trainer/steps_train": 70}
{"Trainer/where": 0.05928571428571429, "Trainer/epoch": 5, "Trainer/steps_train": 84}
{"Trainer/where": 0.06928571428571428, "Trainer/epoch": 6, "Trainer/steps_train": 98}
{"Trainer/where": 0.07928571428571429, "Trainer/epoch": 7, "Trainer/steps_train": 112}
{"Trainer/where": 0.08928571428571429, "Trainer/epoch": 8, "Trainer/steps_train": 126}
{"Trainer/where": 0.09928571428571428, "Trainer/epoch": 9, "Trainer/steps_train": 140}
{"Trainer/where": 0.10928571428571429, "Trainer/epoch": 10, "Trainer/steps_train": 154}
{"Trainer/where": 0.11928571428571429, "Trainer/epoch": 11, "Trainer/steps_train": 168}
{"Trainer/where": 0.12928571428571428, "Trainer/epoch": 12, "Trainer/steps_train": 182}
{"Trainer/where": 0.1392857142857143, "Trainer/epoch": 13, "Trainer/steps_train": 196}
{"Trainer/where": 0.1492857142857143, "Trainer/epoch": 14, "Trainer/steps_train": 210}
{"Trainer/where": 0.15928571428571428, "Trainer/epoch": 15, "Trainer/steps_train": 224}
{"Trainer/where": 0.16928571428571426, "Trainer/epoch": 16, "Trainer/steps_train": 238}
{"Trainer/where": 0.17928571428571427, "Trainer/epoch": 17, "Trainer/steps_train": 252}
{"Trainer/where": 0.18928571428571428, "Trainer/epoch": 18, "Trainer/steps_train": 266}
{"Trainer/where": 0.19928571428571426, "Trainer/epoch": 19, "Trainer/steps_train": 280}
{"Trainer/where": 0.20928571428571427, "Trainer/epoch": 20, "Trainer/steps_train": 294}
{"Trainer/where": 0.21928571428571428, "Trainer/epoch": 21, "Trainer/steps_train": 308}
{"Trainer/where": 0.22928571428571426, "Trainer/epoch": 22, "Trainer/steps_train": 322}
{"Trainer/where": 0.23928571428571427, "Trainer/epoch": 23, "Trainer/steps_train": 336}
{"Trainer/where": 0.24928571428571428, "Trainer/epoch": 24, "Trainer/steps_train": 350}
{"Trainer/where": 0.2592857142857143, "Trainer/epoch": 25, "Trainer/steps_train": 364}
{"Trainer/where": 0.2692857142857143, "Trainer/epoch": 26, "Trainer/steps_train": 378}
{"Trainer/where": 0.27928571428571425, "Trainer/epoch": 27, "Trainer/steps_train": 392}
{"Trainer/where": 0.28928571428571426, "Trainer/epoch": 28, "Trainer/steps_train": 406}
{"Trainer/where": 0.29928571428571427, "Trainer/epoch": 29, "Trainer/steps_train": 420}
{"Trainer/where": 0.3092857142857143, "Trainer/epoch": 30, "Trainer/steps_train": 434}
{"Trainer/where": 0.3192857142857143, "Trainer/epoch": 31, "Trainer/steps_train": 448}
{"Trainer/where": 0.3292857142857143, "Trainer/epoch": 32, "Trainer/steps_train": 462}
{"Trainer/where": 0.3392857142857143, "Trainer/epoch": 33, "Trainer/steps_train": 476}
{"Trainer/where": 0.3492857142857143, "Trainer/epoch": 34, "Trainer/steps_train": 490}
{"Trainer/where": 0.3592857142857143, "Trainer/epoch": 35, "Trainer/steps_train": 504}
{"Trainer/where": 0.36928571428571433, "Trainer/epoch": 36, "Trainer/steps_train": 518}
{"Trainer/where": 0.3792857142857143, "Trainer/epoch": 37, "Trainer/steps_train": 532}
{"Trainer/where": 0.3892857142857143, "Trainer/epoch": 38, "Trainer/steps_train": 546}
{"Trainer/where": 0.3992857142857143, "Trainer/epoch": 39, "Trainer/steps_train": 560}
{"Trainer/where": 0.4092857142857143, "Trainer/epoch": 40, "Trainer/steps_train": 574}
{"Trainer/where": 0.4192857142857143, "Trainer/epoch": 41, "Trainer/steps_train": 588}
{"Trainer/where": 0.4292857142857143, "Trainer/epoch": 42, "Trainer/steps_train": 602}
{"Trainer/where": 0.4392857142857143, "Trainer/epoch": 43, "Trainer/steps_train": 616}
{"Trainer/where": 0.4492857142857143, "Trainer/epoch": 44, "Trainer/steps_train": 630}
{"Trainer/where": 0.4592857142857143, "Trainer/epoch": 45, "Trainer/steps_train": 644}
{"Trainer/where": 0.4692857142857143, "Trainer/epoch": 46, "Trainer/steps_train": 658}
{"Trainer/where": 0.4792857142857143, "Trainer/epoch": 47, "Trainer/steps_train": 672}
{"Trainer/where": 0.4892857142857143, "Trainer/epoch": 48, "Trainer/steps_train": 686}
{"Trainer/where": 0.49928571428571433, "Trainer/epoch": 49, "Trainer/steps_train": 700}
{"Trainer/where": 0.5092857142857143, "Trainer/epoch": 50, "Trainer/steps_train": 714}
{"Trainer/where": 0.5192857142857144, "Trainer/epoch": 51, "Trainer/steps_train": 728}
{"Trainer/where": 0.5292857142857144, "Trainer/epoch": 52, "Trainer/steps_train": 742}
{"Trainer/where": 0.5392857142857143, "Trainer/epoch": 53, "Trainer/steps_train": 756}
{"Trainer/where": 0.5492857142857143, "Trainer/epoch": 54, "Trainer/steps_train": 770}
{"Trainer/where": 0.5592857142857143, "Trainer/epoch": 55, "Trainer/steps_train": 784}
{"Trainer/where": 0.5692857142857143, "Trainer/epoch": 56, "Trainer/steps_train": 798}
{"Trainer/where": 0.5792857142857143, "Trainer/epoch": 57, "Trainer/steps_train": 812}
{"Trainer/where": 0.5892857142857143, "Trainer/epoch": 58, "Trainer/steps_train": 826}
{"Trainer/where": 0.5992857142857143, "Trainer/epoch": 59, "Trainer/steps_train": 840}
{"Trainer/where": 0.6092857142857143, "Trainer/epoch": 60, "Trainer/steps_train": 854}
{"Trainer/where": 0.6192857142857143, "Trainer/epoch": 61, "Trainer/steps_train": 868}
{"Trainer/where": 0.6292857142857143, "Trainer/epoch": 62, "Trainer/steps_train": 882}
{"Trainer/where": 0.6392857142857143, "Trainer/epoch": 63, "Trainer/steps_train": 896}
{"Trainer/where": 0.6492857142857144, "Trainer/epoch": 64, "Trainer/steps_train": 910}
{"Trainer/where": 0.6592857142857143, "Trainer/epoch": 65, "Trainer/steps_train": 924}
{"Trainer/where": 0.6692857142857143, "Trainer/epoch": 66, "Trainer/steps_train": 938}
{"Trainer/where": 0.6792857142857143, "Trainer/epoch": 67, "Trainer/steps_train": 952}
{"Trainer/where": 0.6892857142857143, "Trainer/epoch": 68, "Trainer/steps_train": 966}
{"Trainer/where": 0.6992857142857143, "Trainer/epoch": 69, "Trainer/steps_train": 980}
{"Trainer/where": 0.7092857142857143, "Trainer/epoch": 70, "Trainer/steps_train": 994}
{"Trainer/where": 0.7192857142857143, "Trainer/epoch": 71, "Trainer/steps_train": 1008}
{"Trainer/where": 0.7292857142857143, "Trainer/epoch": 72, "Trainer/steps_train": 1022}
{"Trainer/where": 0.7392857142857143, "Trainer/epoch": 73, "Trainer/steps_train": 1036}
{"Trainer/where": 0.7492857142857143, "Trainer/epoch": 74, "Trainer/steps_train": 1050}
{"Trainer/where": 0.7592857142857143, "Trainer/epoch": 75, "Trainer/steps_train": 1064}
{"Trainer/where": 0.7692857142857144, "Trainer/epoch": 76, "Trainer/steps_train": 1078}
{"Trainer/where": 0.7792857142857144, "Trainer/epoch": 77, "Trainer/steps_train": 1092}
{"Trainer/where": 0.7892857142857143, "Trainer/epoch": 78, "Trainer/steps_train": 1106}
{"Trainer/where": 0.7992857142857143, "Trainer/epoch": 79, "Trainer/steps_train": 1120}
{"Trainer/where": 0.8092857142857143, "Trainer/epoch": 80, "Trainer/steps_train": 1134}
{"Trainer/where": 0.8192857142857143, "Trainer/epoch": 81, "Trainer/steps_train": 1148}
{"Trainer/where": 0.8292857142857143, "Trainer/epoch": 82, "Trainer/steps_train": 1162}
{"Trainer/where": 0.8392857142857143, "Trainer/epoch": 83, "Trainer/steps_train": 1176}
{"Trainer/where": 0.8492857142857143, "Trainer/epoch": 84, "Trainer/steps_train": 1190}
{"Trainer/where": 0.8592857142857143, "Trainer/epoch": 85, "Trainer/steps_train": 1204}
{"Trainer/where": 0.8692857142857143, "Trainer/epoch": 86, "Trainer/steps_train": 1218}
{"Trainer/where": 0.8792857142857143, "Trainer/epoch": 87, "Trainer/steps_train": 1232}
{"Trainer/where": 0.8892857142857143, "Trainer/epoch": 88, "Trainer/steps_train": 1246}
{"Trainer/where": 0.8992857142857144, "Trainer/epoch": 89, "Trainer/steps_train": 1260}
{"Trainer/where": 0.9092857142857143, "Trainer/epoch": 90, "Trainer/steps_train": 1274}
{"Trainer/where": 0.9192857142857143,