{
  "meta": {
    "lora_weights": "finetune_logs/lora/lora_r8_20251127_204826/best_lora_weights.pt",
    "lora_rank": 8,
    "prompt_type": "box",
    "split": "test",
    "num_samples": 45,
    "eval_time_seconds": 600.5604023933411,
    "timestamp": "2025-11-27T21:08:36.815333"
  },
  "per_class": {
    "tumor": {
      "dice_mean": 0.41017598506901515,
      "dice_std": 0.13777085274703624,
      "iou_mean": 0.2680177932161316,
      "iou_std": 0.11630011739786064,
      "count": 45
    },
    "stroma": {
      "dice_mean": 0.4524261365521957,
      "dice_std": 0.20150663816858871,
      "iou_mean": 0.3160413889086306,
      "iou_std": 0.1840876161332796,
      "count": 45
    },
    "lymphocyte": {
      "dice_mean": 0.17698971432532773,
      "dice_std": 0.1429831661791306,
      "iou_mean": 0.10512449652332063,
      "iou_std": 0.10319929546996219,
      "count": 37
    },
    "necrosis": {
      "dice_mean": 0.10605575661734046,
      "dice_std": 0.10204617687368962,
      "iou_mean": 0.059573467770439564,
      "iou_std": 0.06670308133450638,
      "count": 23
    },
    "blood_vessel": {
      "dice_mean": 0.008176840022745198,
      "dice_std": 0.00669087260437456,
      "iou_mean": 0.004116565560714305,
      "iou_std": 0.0033823302776891215,
      "count": 31
    }
  },
  "overall": {
    "dice_mean": 0.26551646047456107,
    "dice_std": 0.22447239058946727,
    "iou_mean": 0.17497277822143328,
    "iou_std": 0.17123570299690097,
    "total_samples": 181
  },
  "comparison": {
    "zeroshot_baseline": 0.517,
    "improvement": -0.25148353952543895,
    "pct_change": -48.64285097203848
  }
}