{
  "tumor": {
    "dice": 0.5477166136119196,
    "std": 0.14531136521018237,
    "count": 45
  },
  "stroma": {
    "dice": 0.5094247800662676,
    "std": 0.18258791414471237,
    "count": 45
  },
  "lymphocyte": {
    "dice": 0.5544145074402899,
    "std": 0.199607828034884,
    "count": 37
  },
  "necrosis": {
    "dice": 0.7042281763422035,
    "std": 0.17931977635513524,
    "count": 23
  },
  "blood_vessel": {
    "dice": 0.5115189755039053,
    "std": 0.22789653949598057,
    "count": 31
  },
  "overall": 0.5532543413663034
}